{
  "material": "Aluminum",
  "thickness": 0.1,
  "samples": 500,
  "transmitted": 494,
  "transmitted_fraction": 0.988,
  "bins": [
    0.0,
    0.9423533213472042,
    1.8847066426944084,
    2.8270599640416125,
    3.7694132853888167,
    4.71176660673602,
    5.654119928083225,
    6.59647324943043,
    7.538826570777633,
    8.481179892124837,
    9.42353321347204,
    10.365886534819246,
    11.30823985616645,
    12.250593177513654,
    13.19294649886086,
    14.135299820208063,
    15.077653141555267,
    16.020006462902472,
    16.962359784249674,
    17.90471310559688
  ],
  "counts": [
    65,
    52,
    58,
    43,
    42,
    28,
    30,
    28,
    23,
    18,
    18,
    13,
    11,
    12,
    11,
    6,
    7,
    4,
    6
  ],
  "runtime_seconds": 2.9537389278411865,
  "parallel_used": true,
  "workers": 4,
  "job_id": "120c88269dfb4dd6943896fd77ba6a98",
  "plot": "/results/120c88269dfb4dd6943896fd77ba6a98.png",
  "completed_at": 1759809127.6501026
}