{
  "material": "Aluminum",
  "thickness": 0.1,
  "samples": 500,
  "transmitted": 492,
  "transmitted_fraction": 0.984,
  "bins": [
    0.0,
    1.0908156253242682,
    2.1816312506485365,
    3.272446875972805,
    4.363262501297073,
    5.454078126621341,
    6.54489375194561,
    7.635709377269878,
    8.726525002594146,
    9.817340627918414,
    10.908156253242682,
    11.99897187856695,
    13.08978750389122,
    14.180603129215488,
    15.271418754539756,
    16.362234379864024,
    17.45305000518829,
    18.54386563051256,
    19.634681255836828,
    20.725496881161096
  ],
  "counts": [
    71,
    55,
    45,
    44,
    52,
    34,
    27,
    17,
    23,
    25,
    13,
    21,
    10,
    10,
    2,
    9,
    10,
    4,
    3
  ],
  "runtime_seconds": 1.0924887657165527,
  "parallel_used": true,
  "workers": 4,
  "job_id": "176e1387a78249a5b86cf96287711bd7",
  "plot": "/results/176e1387a78249a5b86cf96287711bd7.png",
  "completed_at": 1759798068.7348511
}