{
  "material": "Lead",
  "thickness": 0.1,
  "samples": 500,
  "transmitted": 437,
  "transmitted_fraction": 0.874,
  "bins": [
    0.0,
    0.12997444127339927,
    0.25994888254679854,
    0.3899233238201978,
    0.5198977650935971,
    0.6498722063669964,
    0.7798466476403956,
    0.9098210889137949,
    1.0397955301871942,
    1.1697699714605934,
    1.2997444127339928,
    1.429718854007392,
    1.5596932952807911,
    1.6896677365541906,
    1.8196421778275897,
    1.9496166191009892,
    2.0795910603743883,
    2.2095655016477878,
    2.3395399429211867,
    2.469514384194586
  ],
  "counts": [
    73,
    65,
    51,
    44,
    42,
    36,
    33,
    23,
    17,
    23,
    13,
    12,
    11,
    8,
    2,
    4,
    5,
    7,
    6
  ],
  "runtime_seconds": 0.26317429542541504,
  "parallel_used": false,
  "workers": 1,
  "job_id": "1d8993edbd224081a9ecb1676ffc3940",
  "plot": "/results/1d8993edbd224081a9ecb1676ffc3940.png",
  "completed_at": 1759798086.4753263
}