{
  "material": "Aluminum",
  "thickness": 0.1,
  "samples": 500,
  "transmitted": 493,
  "transmitted_fraction": 0.986,
  "bins": [
    0.0,
    1.230576486685196,
    2.461152973370392,
    3.691729460055588,
    4.922305946740784,
    6.15288243342598,
    7.383458920111176,
    8.614035406796372,
    9.844611893481568,
    11.075188380166765,
    12.30576486685196,
    13.536341353537157,
    14.766917840222352,
    15.997494326907548,
    17.228070813592744,
    18.458647300277942,
    19.689223786963137,
    20.91980027364833,
    22.15037676033353,
    23.380953247018724
  ],
  "counts": [
    85,
    68,
    54,
    63,
    48,
    21,
    26,
    16,
    17,
    20,
    10,
    13,
    4,
    7,
    7,
    3,
    3,
    6,
    4
  ],
  "runtime_seconds": 1.7030494213104248,
  "parallel_used": true,
  "workers": 4,
  "job_id": "7a4ee6e14b2d453f801c7e6796e6a7bd",
  "plot": "/results/7a4ee6e14b2d453f801c7e6796e6a7bd.png",
  "completed_at": 1759798051.3696654
}