{
  "material": "Lead",
  "thickness": 0.1,
  "samples": 500,
  "transmitted": 439,
  "transmitted_fraction": 0.878,
  "bins": [
    0.0,
    0.12998953190768012,
    0.25997906381536023,
    0.3899685957230403,
    0.5199581276307205,
    0.6499476595384006,
    0.7799371914460806,
    0.9099267233537608,
    1.039916255261441,
    1.169905787169121,
    1.2998953190768012,
    1.4298848509844813,
    1.5598743828921613,
    1.6898639147998415,
    1.8198534467075216,
    1.9498429786152018,
    2.079832510522882,
    2.209822042430562,
    2.339811574338242,
    2.469801106245922
  ],
  "counts": [
    79,
    70,
    53,
    40,
    39,
    27,
    32,
    30,
    18,
    19,
    7,
    16,
    14,
    7,
    1,
    8,
    2,
    7,
    6
  ],
  "runtime_seconds": 1.068511962890625,
  "parallel_used": true,
  "workers": 4,
  "job_id": "844e3355d08743a69c170d22088ec8af",
  "plot": "/results/844e3355d08743a69c170d22088ec8af.png",
  "completed_at": 1759798089.5964153
}