{
  "material": "Aluminum",
  "thickness": 0.1,
  "samples": 500,
  "transmitted": 496,
  "transmitted_fraction": 0.992,
  "bins": [
    0.0,
    0.9552049312776568,
    1.9104098625553136,
    2.8656147938329704,
    3.8208197251106273,
    4.776024656388284,
    5.731229587665941,
    6.686434518943598,
    7.641639450221255,
    8.596844381498912,
    9.552049312776568,
    10.507254244054225,
    11.462459175331881,
    12.41766410660954,
    13.372869037887195,
    14.328073969164853,
    15.28327890044251,
    16.238483831720167,
    17.193688762997823,
    18.14889369427548
  ],
  "counts": [
    56,
    49,
    58,
    50,
    32,
    31,
    26,
    26,
    28,
    22,
    21,
    11,
    15,
    11,
    11,
    4,
    9,
    4,
    11
  ],
  "runtime_seconds": 0.1499636173248291,
  "parallel_used": false,
  "workers": 1,
  "job_id": "9c419913b11d477fae0371cc98c1e83d",
  "plot": "/results/9c419913b11d477fae0371cc98c1e83d.png",
  "completed_at": 1759798063.584043
}