{
  "material": "Aluminum",
  "thickness": 0.1,
  "samples": 500,
  "transmitted": 490,
  "transmitted_fraction": 0.98,
  "bins": [
    0.0,
    1.1389339092764306,
    2.277867818552861,
    3.4168017278292915,
    4.555735637105722,
    5.694669546382153,
    6.833603455658583,
    7.972537364935014,
    9.111471274211445,
    10.250405183487874,
    11.389339092764306,
    12.528273002040736,
    13.667206911317166,
    14.806140820593598,
    15.945074729870027,
    17.084008639146457,
    18.22294254842289,
    19.36187645769932,
    20.50081036697575,
    21.63974427625218
  ],
  "counts": [
    66,
    66,
    63,
    57,
    30,
    31,
    28,
    34,
    21,
    18,
    10,
    12,
    7,
    9,
    7,
    6,
    4,
    3,
    3
  ],
  "runtime_seconds": 1.33530592918396,
  "parallel_used": false,
  "workers": 1,
  "job_id": "b7a3f6e12cb24472bc78ca80f582ffbc",
  "plot": "/results/b7a3f6e12cb24472bc78ca80f582ffbc.png",
  "completed_at": 1759809113.5314553
}