{
  "material": "Aluminum",
  "thickness": 0.1,
  "samples": 500,
  "transmitted": 490,
  "transmitted_fraction": 0.98,
  "bins": [
    0.0,
    1.0472992619074133,
    2.0945985238148266,
    3.14189778572224,
    4.189197047629653,
    5.236496309537067,
    6.28379557144448,
    7.331094833351893,
    8.378394095259306,
    9.42569335716672,
    10.472992619074134,
    11.520291880981546,
    12.56759114288896,
    13.614890404796373,
    14.662189666703785,
    15.709488928611199,
    16.756788190518613,
    17.804087452426025,
    18.85138671433344,
    19.898685976240852
  ],
  "counts": [
    68,
    52,
    54,
    39,
    41,
    33,
    30,
    27,
    19,
    22,
    16,
    14,
    12,
    13,
    8,
    11,
    5,
    5,
    6
  ],
  "runtime_seconds": 0.173170804977417,
  "parallel_used": false,
  "workers": 1,
  "job_id": "d38e1140bd0742d6a2b56a6a3d88a405",
  "plot": "/results/d38e1140bd0742d6a2b56a6a3d88a405.png",
  "completed_at": 1759798080.9695868
}